NO,keyword,state,hot,href
1,向佐求婚郭碧婷,沸,1734892,https://s.weibo.com/weibo?q=%23%E5%90%91%E4%BD%90%E6%B1%82%E5%A9%9A%E9%83%AD%E7%A2%A7%E5%A9%B7%23&Refer=top
2,书包藏142支孕妇血样出境,热,1561051,https://s.weibo.com/weibo?q=%23%E4%B9%A6%E5%8C%85%E8%97%8F142%E6%94%AF%E5%AD%95%E5%A6%87%E8%A1%80%E6%A0%B7%E5%87%BA%E5%A2%83%23&Refer=top
3,国台办回应欧阳娜娜事件,热,1223906,https://s.weibo.com/weibo?q=%23%E5%9B%BD%E5%8F%B0%E5%8A%9E%E5%9B%9E%E5%BA%94%E6%AC%A7%E9%98%B3%E5%A8%9C%E5%A8%9C%E4%BA%8B%E4%BB%B6%23&Refer=top
4,张轩睿Selina笑得好开心,新,1115609,https://s.weibo.com/weibo?q=%23%E5%BC%A0%E8%BD%A9%E7%9D%BFSelina%E7%AC%91%E5%BE%97%E5%A5%BD%E5%BC%80%E5%BF%83%23&Refer=top
5,输液管内现2厘米头发丝,新,977390,https://s.weibo.com/weibo?q=%23%E8%BE%93%E6%B6%B2%E7%AE%A1%E5%86%85%E7%8E%B02%E5%8E%98%E7%B1%B3%E5%A4%B4%E5%8F%91%E4%B8%9D%23&Refer=top
6,找个胖点的女朋友不好吗,新,774172,https://s.weibo.com/weibo?q=%23%E6%89%BE%E4%B8%AA%E8%83%96%E7%82%B9%E7%9A%84%E5%A5%B3%E6%9C%8B%E5%8F%8B%E4%B8%8D%E5%A5%BD%E5%90%97%23&Refer=top
7,请黄子韬对同组女演员温柔一点,新,682545,https://s.weibo.com/weibo?q=%23%E8%AF%B7%E9%BB%84%E5%AD%90%E9%9F%AC%E5%AF%B9%E5%90%8C%E7%BB%84%E5%A5%B3%E6%BC%94%E5%91%98%E6%B8%A9%E6%9F%94%E4%B8%80%E7%82%B9%23&Refer=top
8,河北省考退出联考,新,611169,https://s.weibo.com/weibo?q=%23%E6%B2%B3%E5%8C%97%E7%9C%81%E8%80%83%E9%80%80%E5%87%BA%E8%81%94%E8%80%83%23&Refer=top
9,在加遭绑架留学生被找到了,新,579855,https://s.weibo.com/weibo?q=%E5%9C%A8%E5%8A%A0%E9%81%AD%E7%BB%91%E6%9E%B6%E7%95%99%E5%AD%A6%E7%94%9F%E8%A2%AB%E6%89%BE%E5%88%B0%E4%BA%86&Refer=top
10,在干嘛三个字有多暧昧,新,567250,https://s.weibo.com/weibo?q=%23%E5%9C%A8%E5%B9%B2%E5%98%9B%E4%B8%89%E4%B8%AA%E5%AD%97%E6%9C%89%E5%A4%9A%E6%9A%A7%E6%98%A7%23&Refer=top
11,不发朋友圈的原因,新,516753,https://s.weibo.com/weibo?q=%23%E4%B8%8D%E5%8F%91%E6%9C%8B%E5%8F%8B%E5%9C%88%E7%9A%84%E5%8E%9F%E5%9B%A0%23&Refer=top
12,乌克兰少女发色,新,502317,https://s.weibo.com/weibo?q=%23%E4%B9%8C%E5%85%8B%E5%85%B0%E5%B0%91%E5%A5%B3%E5%8F%91%E8%89%B2%23&Refer=top
13,向太,新,486989,https://s.weibo.com/weibo?q=%E5%90%91%E5%A4%AA&Refer=top
14,女朋友烧的菜,新,313819,https://s.weibo.com/weibo?q=%23%E5%A5%B3%E6%9C%8B%E5%8F%8B%E7%83%A7%E7%9A%84%E8%8F%9C%23&Refer=top
15,王心凌公司否认整容,新,306496,https://s.weibo.com/weibo?q=%23%E7%8E%8B%E5%BF%83%E5%87%8C%E5%85%AC%E5%8F%B8%E5%90%A6%E8%AE%A4%E6%95%B4%E5%AE%B9%23&Refer=top
16,杨幂发际线,新,302174,https://s.weibo.com/weibo?q=%23%E6%9D%A8%E5%B9%82%E5%8F%91%E9%99%85%E7%BA%BF%23&Refer=top
17,曾轶可,新,296973,https://s.weibo.com/weibo?q=%23%E6%9B%BE%E8%BD%B6%E5%8F%AF%23&Refer=top
18,王昱珩,新,295289,https://s.weibo.com/weibo?q=%23%E7%8E%8B%E6%98%B1%E7%8F%A9%23&Refer=top
19,三星回怼华为,新,285409,https://s.weibo.com/weibo?q=%23%E4%B8%89%E6%98%9F%E5%9B%9E%E6%80%BC%E5%8D%8E%E4%B8%BA%23&Refer=top
20,嫌行李太多扔掉66800元现金,热,285322,https://s.weibo.com/weibo?q=%23%E5%AB%8C%E8%A1%8C%E6%9D%8E%E5%A4%AA%E5%A4%9A%E6%89%94%E6%8E%8966800%E5%85%83%E7%8E%B0%E9%87%91%23&Refer=top
21,郭碧婷爸爸,新,277902,https://s.weibo.com/weibo?q=%E9%83%AD%E7%A2%A7%E5%A9%B7%E7%88%B8%E7%88%B8&Refer=top
22,易烊千玺锅盖头,新,277260,https://s.weibo.com/weibo?q=%23%E6%98%93%E7%83%8A%E5%8D%83%E7%8E%BA%E9%94%85%E7%9B%96%E5%A4%B4%23&Refer=top
23,电竞圈学历研究,新,276983,https://s.weibo.com/weibo?q=%E7%94%B5%E7%AB%9E%E5%9C%88%E5%AD%A6%E5%8E%86%E7%A0%94%E7%A9%B6&Refer=top
24,胜利接受调查前到美容院化妆,新,259130,https://s.weibo.com/weibo?q=%23%E8%83%9C%E5%88%A9%E6%8E%A5%E5%8F%97%E8%B0%83%E6%9F%A5%E5%89%8D%E5%88%B0%E7%BE%8E%E5%AE%B9%E9%99%A2%E5%8C%96%E5%A6%86%23&Refer=top
25,少年遭霸凌致1死判8年,新,233814,https://s.weibo.com/weibo?q=%23%E5%B0%91%E5%B9%B4%E9%81%AD%E9%9C%B8%E5%87%8C%E8%87%B41%E6%AD%BB%E5%88%A48%E5%B9%B4%23&Refer=top
26,好看的卧蚕大赛,新,229054,https://s.weibo.com/weibo?q=%23%E5%A5%BD%E7%9C%8B%E7%9A%84%E5%8D%A7%E8%9A%95%E5%A4%A7%E8%B5%9B%23&Refer=top
27,初恋真的放不下吗,新,220883,https://s.weibo.com/weibo?q=%23%E5%88%9D%E6%81%8B%E7%9C%9F%E7%9A%84%E6%94%BE%E4%B8%8D%E4%B8%8B%E5%90%97%23&Refer=top
28,郭碧婷钻戒,新,216874,https://s.weibo.com/weibo?q=%23%E9%83%AD%E7%A2%A7%E5%A9%B7%E9%92%BB%E6%88%92%23&Refer=top
29,杨清柠,新,188022,https://s.weibo.com/weibo?q=%E6%9D%A8%E6%B8%85%E6%9F%A0&Refer=top
30,NASA在火星拍到貌似蘑菇照片,新,178011,https://s.weibo.com/weibo?q=NASA%E5%9C%A8%E7%81%AB%E6%98%9F%E6%8B%8D%E5%88%B0%E8%B2%8C%E4%BC%BC%E8%98%91%E8%8F%87%E7%85%A7%E7%89%87&Refer=top
31,女儿们的恋爱,新,170851,https://s.weibo.com/weibo?q=%E5%A5%B3%E5%84%BF%E4%BB%AC%E7%9A%84%E6%81%8B%E7%88%B1&Refer=top
32,让前任后悔是种怎样的体验,新,170263,https://s.weibo.com/weibo?q=%23%E8%AE%A9%E5%89%8D%E4%BB%BB%E5%90%8E%E6%82%94%E6%98%AF%E7%A7%8D%E6%80%8E%E6%A0%B7%E7%9A%84%E4%BD%93%E9%AA%8C%23&Refer=top
33,上班后才知道学校有多好,新,151437,https://s.weibo.com/weibo?q=%23%E4%B8%8A%E7%8F%AD%E5%90%8E%E6%89%8D%E7%9F%A5%E9%81%93%E5%AD%A6%E6%A0%A1%E6%9C%89%E5%A4%9A%E5%A5%BD%23&Refer=top
34,张悬怀孕,新,146533,https://s.weibo.com/weibo?q=%23%E5%BC%A0%E6%82%AC%E6%80%80%E5%AD%95%23&Refer=top
35,喜欢的人和讨厌人是好朋友,新,126173,https://s.weibo.com/weibo?q=%E5%96%9C%E6%AC%A2%E7%9A%84%E4%BA%BA%E5%92%8C%E8%AE%A8%E5%8E%8C%E4%BA%BA%E6%98%AF%E5%A5%BD%E6%9C%8B%E5%8F%8B&Refer=top
36,大多数做PPT的人,新,122800,https://s.weibo.com/weibo?q=%E5%A4%A7%E5%A4%9A%E6%95%B0%E5%81%9APPT%E7%9A%84%E4%BA%BA&Refer=top
37,湖南囚禁少女地洞,新,121567,https://s.weibo.com/weibo?q=%E6%B9%96%E5%8D%97%E5%9B%9A%E7%A6%81%E5%B0%91%E5%A5%B3%E5%9C%B0%E6%B4%9E&Refer=top
38,ella,新,121228,https://s.weibo.com/weibo?q=ella&Refer=top
39,嫂子101,新,121070,https://s.weibo.com/weibo?q=%23%E5%AB%82%E5%AD%90101%23&Refer=top
40,一架波音737max紧急迫降,新,109758,https://s.weibo.com/weibo?q=%23%E4%B8%80%E6%9E%B6%E6%B3%A2%E9%9F%B3737max%E7%B4%A7%E6%80%A5%E8%BF%AB%E9%99%8D%23&Refer=top
41,进口增值税税率进一步下调,新,109694,https://s.weibo.com/weibo?q=%E8%BF%9B%E5%8F%A3%E5%A2%9E%E5%80%BC%E7%A8%8E%E7%A8%8E%E7%8E%87%E8%BF%9B%E4%B8%80%E6%AD%A5%E4%B8%8B%E8%B0%83&Refer=top
42,张丰豪,新,108468,https://s.weibo.com/weibo?q=%E5%BC%A0%E4%B8%B0%E8%B1%AA&Refer=top
43,骑车参加马拉松终身禁赛,新,107143,https://s.weibo.com/weibo?q=%E9%AA%91%E8%BD%A6%E5%8F%82%E5%8A%A0%E9%A9%AC%E6%8B%89%E6%9D%BE%E7%BB%88%E8%BA%AB%E7%A6%81%E8%B5%9B&Refer=top
44,任时完退伍,新,106999,https://s.weibo.com/weibo?q=%E4%BB%BB%E6%97%B6%E5%AE%8C%E9%80%80%E4%BC%8D&Refer=top
45,比伯否认结婚是报复赛琳娜,新,106129,https://s.weibo.com/weibo?q=%23%E6%AF%94%E4%BC%AF%E5%90%A6%E8%AE%A4%E7%BB%93%E5%A9%9A%E6%98%AF%E6%8A%A5%E5%A4%8D%E8%B5%9B%E7%90%B3%E5%A8%9C%23&Refer=top
46,你的王乐乐,新,103850,https://s.weibo.com/weibo?q=%E4%BD%A0%E7%9A%84%E7%8E%8B%E4%B9%90%E4%B9%90&Refer=top
47,浪漫到骨子里的句子,新,102582,https://s.weibo.com/weibo?q=%23%E6%B5%AA%E6%BC%AB%E5%88%B0%E9%AA%A8%E5%AD%90%E9%87%8C%E7%9A%84%E5%8F%A5%E5%AD%90%23&Refer=top
48,被搭讪时第一反应,新,96859,https://s.weibo.com/weibo?q=%23%E8%A2%AB%E6%90%AD%E8%AE%AA%E6%97%B6%E7%AC%AC%E4%B8%80%E5%8F%8D%E5%BA%94%23&Refer=top
49,王易木,新,92715,https://s.weibo.com/weibo?q=%E7%8E%8B%E6%98%93%E6%9C%A8&Refer=top
50,鲍云,新,89976,https://s.weibo.com/weibo?q=%E9%B2%8D%E4%BA%91&Refer=top
